stage,stage_label,state_label,theta,phi,path_q1,path_q2,path_q3,avg_2q_error,pulse_config,repeat,fidelity
0,baseline,|+⟩,1.570796,0.0,97,98,99,0.001538,All Square,0,0.949026
0,baseline,|+⟩,1.570796,0.0,97,98,99,0.001538,All Square,1,0.949026
0,baseline,|+⟩,1.570796,0.0,97,98,99,0.001538,All Square,2,0.949026
0,baseline,|+⟩,1.570796,0.0,66,67,74,0.001594,All Square,0,0.976192
0,baseline,|+⟩,1.570796,0.0,66,67,74,0.001594,All Square,1,0.976192
0,baseline,|+⟩,1.570796,0.0,66,67,74,0.001594,All Square,2,0.976192
0,baseline,|+⟩,1.570796,0.0,23,24,25,0.001674,All Square,0,0.967157
0,baseline,|+⟩,1.570796,0.0,23,24,25,0.001674,All Square,1,0.967157
0,baseline,|+⟩,1.570796,0.0,23,24,25,0.001674,All Square,2,0.967157
0,baseline,|+⟩,1.570796,0.0,24,25,26,0.001674,All Square,0,0.954591
0,baseline,|+⟩,1.570796,0.0,24,25,26,0.001674,All Square,1,0.954591
0,baseline,|+⟩,1.570796,0.0,24,25,26,0.001674,All Square,2,0.954591
0,baseline,|+⟩,1.570796,0.0,49,50,51,0.001799,All Square,0,0.964729
0,baseline,|+⟩,1.570796,0.0,49,50,51,0.001799,All Square,1,0.964729
0,baseline,|+⟩,1.570796,0.0,49,50,51,0.001799,All Square,2,0.964729
0,baseline,|+⟩,1.570796,0.0,50,51,52,0.001799,All Square,0,0.967322
0,baseline,|+⟩,1.570796,0.0,50,51,52,0.001799,All Square,1,0.967322
0,baseline,|+⟩,1.570796,0.0,50,51,52,0.001799,All Square,2,0.967322
0,baseline,|+⟩,1.570796,0.0,29,36,48,0.001925,All Square,0,0.979283
0,baseline,|+⟩,1.570796,0.0,29,36,48,0.001925,All Square,1,0.979283
0,baseline,|+⟩,1.570796,0.0,29,36,48,0.001925,All Square,2,0.979283
0,baseline,|+⟩,1.570796,0.0,100,101,102,0.001975,All Square,0,0.960519
0,baseline,|+⟩,1.570796,0.0,100,101,102,0.001975,All Square,1,0.960519
0,baseline,|+⟩,1.570796,0.0,100,101,102,0.001975,All Square,2,0.960519
0,baseline,|+⟩,1.570796,0.0,101,102,103,0.001975,All Square,0,0.96962
0,baseline,|+⟩,1.570796,0.0,101,102,103,0.001975,All Square,1,0.96962
0,baseline,|+⟩,1.570796,0.0,101,102,103,0.001975,All Square,2,0.96962
0,baseline,|+⟩,1.570796,0.0,65,66,67,0.001999,All Square,0,0.981679
0,baseline,|+⟩,1.570796,0.0,65,66,67,0.001999,All Square,1,0.981679
0,baseline,|+⟩,1.570796,0.0,65,66,67,0.001999,All Square,2,0.981679
0,baseline,|+⟩,1.570796,0.0,2,3,4,0.002003,All Square,0,0.964147
0,baseline,|+⟩,1.570796,0.0,2,3,4,0.002003,All Square,1,0.964147
0,baseline,|+⟩,1.570796,0.0,2,3,4,0.002003,All Square,2,0.964147
0,baseline,|+⟩,1.570796,0.0,119,120,121,0.002011,All Square,0,0.97062
0,baseline,|+⟩,1.570796,0.0,119,120,121,0.002011,All Square,1,0.97062
0,baseline,|+⟩,1.570796,0.0,119,120,121,0.002011,All Square,2,0.97062
0,baseline,|+⟩,1.570796,0.0,98,99,100,0.002033,All Square,0,0.969895
0,baseline,|+⟩,1.570796,0.0,98,99,100,0.002033,All Square,1,0.969895
0,baseline,|+⟩,1.570796,0.0,98,99,100,0.002033,All Square,2,0.969895
0,baseline,|+⟩,1.570796,0.0,99,100,101,0.002033,All Square,0,0.962757
0,baseline,|+⟩,1.570796,0.0,99,100,101,0.002033,All Square,1,0.962757
0,baseline,|+⟩,1.570796,0.0,99,100,101,0.002033,All Square,2,0.962757
0,baseline,|+⟩,1.570796,0.0,9,10,11,0.002059,All Square,0,0.970183
0,baseline,|+⟩,1.570796,0.0,9,10,11,0.002059,All Square,1,0.970183
0,baseline,|+⟩,1.570796,0.0,9,10,11,0.002059,All Square,2,0.970183
0,baseline,|+⟩,1.570796,0.0,49,50,56,0.002069,All Square,0,0.964281
0,baseline,|+⟩,1.570796,0.0,49,50,56,0.002069,All Square,1,0.964281
0,baseline,|+⟩,1.570796,0.0,49,50,56,0.002069,All Square,2,0.964281
0,baseline,|+⟩,1.570796,0.0,51,50,56,0.002069,All Square,0,0.966674
0,baseline,|+⟩,1.570796,0.0,51,50,56,0.002069,All Square,1,0.966674
0,baseline,|+⟩,1.570796,0.0,51,50,56,0.002069,All Square,2,0.966674
0,baseline,|+⟩,1.570796,0.0,73,82,81,0.002075,All Square,0,0.961348
0,baseline,|+⟩,1.570796,0.0,73,82,81,0.002075,All Square,1,0.961348
0,baseline,|+⟩,1.570796,0.0,73,82,81,0.002075,All Square,2,0.961348
0,baseline,|+⟩,1.570796,0.0,3,4,16,0.002121,All Square,0,0.970564
0,baseline,|+⟩,1.570796,0.0,3,4,16,0.002121,All Square,1,0.970564
0,baseline,|+⟩,1.570796,0.0,3,4,16,0.002121,All Square,2,0.970564
0,baseline,|+⟩,1.570796,0.0,8,9,10,0.002169,All Square,0,0.966598
0,baseline,|+⟩,1.570796,0.0,8,9,10,0.002169,All Square,1,0.966598
0,baseline,|+⟩,1.570796,0.0,8,9,10,0.002169,All Square,2,0.966598
0,baseline,|+⟩,1.570796,0.0,31,32,33,0.0022,All Square,0,0.957731
0,baseline,|+⟩,1.570796,0.0,31,32,33,0.0022,All Square,1,0.957731
0,baseline,|+⟩,1.570796,0.0,31,32,33,0.0022,All Square,2,0.957731
0,baseline,|+⟩,1.570796,0.0,67,74,86,0.002238,All Square,0,0.972257
0,baseline,|+⟩,1.570796,0.0,67,74,86,0.002238,All Square,1,0.972257
0,baseline,|+⟩,1.570796,0.0,67,74,86,0.002238,All Square,2,0.972257
0,baseline,|+⟩,1.570796,0.0,74,86,87,0.002238,All Square,0,0.932536
0,baseline,|+⟩,1.570796,0.0,74,86,87,0.002238,All Square,1,0.932536
0,baseline,|+⟩,1.570796,0.0,74,86,87,0.002238,All Square,2,0.932536
0,baseline,|+⟩,1.570796,0.0,7,8,9,0.002258,All Square,0,0.951424
0,baseline,|+⟩,1.570796,0.0,7,8,9,0.002258,All Square,1,0.951424
0,baseline,|+⟩,1.570796,0.0,7,8,9,0.002258,All Square,2,0.951424
0,baseline,|+⟩,1.570796,0.0,38,39,40,0.002272,All Square,0,0.954915
0,baseline,|+⟩,1.570796,0.0,38,39,40,0.002272,All Square,1,0.954915
0,baseline,|+⟩,1.570796,0.0,38,39,40,0.002272,All Square,2,0.954915
0,baseline,|+⟩,1.570796,0.0,64,65,66,0.002316,All Square,0,0.964899
0,baseline,|+⟩,1.570796,0.0,64,65,66,0.002316,All Square,1,0.964899
0,baseline,|+⟩,1.570796,0.0,64,65,66,0.002316,All Square,2,0.964899
0,baseline,|+⟩,1.570796,0.0,1,0,15,0.002335,All Square,0,0.931709
0,baseline,|+⟩,1.570796,0.0,1,0,15,0.002335,All Square,1,0.931709
0,baseline,|+⟩,1.570796,0.0,1,0,15,0.002335,All Square,2,0.931709
0,baseline,|+⟩,1.570796,0.0,46,55,65,0.002362,All Square,0,0.971796
0,baseline,|+⟩,1.570796,0.0,46,55,65,0.002362,All Square,1,0.971796
0,baseline,|+⟩,1.570796,0.0,46,55,65,0.002362,All Square,2,0.971796
0,baseline,|+⟩,1.570796,0.0,55,65,64,0.002362,All Square,0,0.978489
0,baseline,|+⟩,1.570796,0.0,55,65,64,0.002362,All Square,1,0.978489
0,baseline,|+⟩,1.570796,0.0,55,65,64,0.002362,All Square,2,0.978489
0,baseline,|+⟩,1.570796,0.0,55,65,66,0.002362,All Square,0,0.979107
0,baseline,|+⟩,1.570796,0.0,55,65,66,0.002362,All Square,1,0.979107
0,baseline,|+⟩,1.570796,0.0,55,65,66,0.002362,All Square,2,0.979107
0,baseline,|+⟩,1.570796,0.0,93,103,102,0.002363,All Square,0,0.967058
0,baseline,|+⟩,1.570796,0.0,93,103,102,0.002363,All Square,1,0.967058
0,baseline,|+⟩,1.570796,0.0,93,103,102,0.002363,All Square,2,0.967058
0,baseline,|+⟩,1.570796,0.0,45,46,55,0.002373,All Square,0,0.970432
0,baseline,|+⟩,1.570796,0.0,45,46,55,0.002373,All Square,1,0.970432
0,baseline,|+⟩,1.570796,0.0,45,46,55,0.002373,All Square,2,0.970432
0,baseline,|+⟩,1.570796,0.0,34,40,39,0.002392,All Square,0,0.965948
0,baseline,|+⟩,1.570796,0.0,34,40,39,0.002392,All Square,1,0.965948
0,baseline,|+⟩,1.570796,0.0,34,40,39,0.002392,All Square,2,0.965948
0,baseline,|+⟩,1.570796,0.0,36,48,49,0.002406,All Square,0,0.974561
0,baseline,|+⟩,1.570796,0.0,36,48,49,0.002406,All Square,1,0.974561
0,baseline,|+⟩,1.570796,0.0,36,48,49,0.002406,All Square,2,0.974561
0,baseline,|+⟩,1.570796,0.0,48,49,50,0.002406,All Square,0,0.972873
0,baseline,|+⟩,1.570796,0.0,48,49,50,0.002406,All Square,1,0.972873
0,baseline,|+⟩,1.570796,0.0,48,49,50,0.002406,All Square,2,0.972873
0,baseline,|+⟩,1.570796,0.0,66,67,68,0.002452,All Square,0,0.974508
0,baseline,|+⟩,1.570796,0.0,66,67,68,0.002452,All Square,1,0.974508
0,baseline,|+⟩,1.570796,0.0,66,67,68,0.002452,All Square,2,0.974508
0,baseline,|+⟩,1.570796,0.0,68,67,74,0.002452,All Square,0,0.973765
0,baseline,|+⟩,1.570796,0.0,68,67,74,0.002452,All Square,1,0.973765
0,baseline,|+⟩,1.570796,0.0,68,67,74,0.002452,All Square,2,0.973765
0,baseline,|+⟩,1.570796,0.0,67,68,69,0.002452,All Square,0,0.973017
0,baseline,|+⟩,1.570796,0.0,67,68,69,0.002452,All Square,1,0.973017
0,baseline,|+⟩,1.570796,0.0,67,68,69,0.002452,All Square,2,0.973017
0,baseline,|+⟩,1.570796,0.0,75,90,89,0.002464,All Square,0,0.972583
0,baseline,|+⟩,1.570796,0.0,75,90,89,0.002464,All Square,1,0.972583
0,baseline,|+⟩,1.570796,0.0,75,90,89,0.002464,All Square,2,0.972583
0,baseline,|+⟩,1.570796,0.0,98,97,110,0.002474,All Square,0,0.94742
0,baseline,|+⟩,1.570796,0.0,98,97,110,0.002474,All Square,1,0.94742
0,baseline,|+⟩,1.570796,0.0,98,97,110,0.002474,All Square,2,0.94742
0,baseline,|+⟩,1.570796,0.0,97,110,116,0.002474,All Square,0,0.949986
0,baseline,|+⟩,1.570796,0.0,97,110,116,0.002474,All Square,1,0.949986
0,baseline,|+⟩,1.570796,0.0,97,110,116,0.002474,All Square,2,0.949986
0,baseline,|+⟩,1.570796,0.0,63,73,82,0.002487,All Square,0,0.96887
0,baseline,|+⟩,1.570796,0.0,63,73,82,0.002487,All Square,1,0.96887
0,baseline,|+⟩,1.570796,0.0,63,73,82,0.002487,All Square,2,0.96887
0,baseline,|+⟩,1.570796,0.0,60,61,62,0.002488,All Square,0,0.979591
0,baseline,|+⟩,1.570796,0.0,60,61,62,0.002488,All Square,1,0.979591
0,baseline,|+⟩,1.570796,0.0,60,61,62,0.002488,All Square,2,0.979591
0,baseline,|+⟩,1.570796,0.0,24,25,35,0.002505,All Square,0,0.95257
0,baseline,|+⟩,1.570796,0.0,24,25,35,0.002505,All Square,1,0.95257
0,baseline,|+⟩,1.570796,0.0,24,25,35,0.002505,All Square,2,0.95257
0,baseline,|+⟩,1.570796,0.0,26,25,35,0.002505,All Square,0,0.949274
0,baseline,|+⟩,1.570796,0.0,26,25,35,0.002505,All Square,1,0.949274
0,baseline,|+⟩,1.570796,0.0,26,25,35,0.002505,All Square,2,0.949274
0,baseline,|+⟩,1.570796,0.0,32,33,37,0.002526,All Square,0,0.967599
0,baseline,|+⟩,1.570796,0.0,32,33,37,0.002526,All Square,1,0.967599
0,baseline,|+⟩,1.570796,0.0,32,33,37,0.002526,All Square,2,0.967599
0,baseline,|+⟩,1.570796,0.0,120,121,122,0.002542,All Square,0,0.96855
0,baseline,|+⟩,1.570796,0.0,120,121,122,0.002542,All Square,1,0.96855
0,baseline,|+⟩,1.570796,0.0,120,121,122,0.002542,All Square,2,0.96855
0,baseline,|+⟩,1.570796,0.0,7,8,17,0.00255,All Square,0,0.950676
0,baseline,|+⟩,1.570796,0.0,7,8,17,0.00255,All Square,1,0.950676
0,baseline,|+⟩,1.570796,0.0,7,8,17,0.00255,All Square,2,0.950676
0,baseline,|+⟩,1.570796,0.0,9,8,17,0.00255,All Square,0,0.964642
0,baseline,|+⟩,1.570796,0.0,9,8,17,0.00255,All Square,1,0.964642
0,baseline,|+⟩,1.570796,0.0,9,8,17,0.00255,All Square,2,0.964642
0,baseline,|+⟩,1.570796,0.0,68,69,70,0.002559,All Square,0,0.972567
0,baseline,|+⟩,1.570796,0.0,68,69,70,0.002559,All Square,1,0.972567
0,baseline,|+⟩,1.570796,0.0,68,69,70,0.002559,All Square,2,0.972567
0,baseline,|+⟩,1.570796,0.0,110,116,115,0.002606,All Square,0,0.969597
0,baseline,|+⟩,1.570796,0.0,110,116,115,0.002606,All Square,1,0.969597
0,baseline,|+⟩,1.570796,0.0,110,116,115,0.002606,All Square,2,0.969597
0,baseline,|+⟩,1.570796,0.0,121,122,131,0.002612,All Square,0,0.957284
0,baseline,|+⟩,1.570796,0.0,121,122,131,0.002612,All Square,1,0.957284
0,baseline,|+⟩,1.570796,0.0,121,122,131,0.002612,All Square,2,0.957284
0,baseline,|+⟩,1.570796,0.0,72,78,77,0.002666,All Square,0,0.968689
0,baseline,|+⟩,1.570796,0.0,72,78,77,0.002666,All Square,1,0.968689
0,baseline,|+⟩,1.570796,0.0,72,78,77,0.002666,All Square,2,0.968689
0,baseline,|+⟩,1.570796,0.0,125,126,132,0.002694,All Square,0,0.94614
0,baseline,|+⟩,1.570796,0.0,125,126,132,0.002694,All Square,1,0.94614
0,baseline,|+⟩,1.570796,0.0,125,126,132,0.002694,All Square,2,0.94614
0,baseline,|+⟩,1.570796,0.0,36,48,47,0.002757,All Square,0,0.973567
0,baseline,|+⟩,1.570796,0.0,36,48,47,0.002757,All Square,1,0.973567
0,baseline,|+⟩,1.570796,0.0,36,48,47,0.002757,All Square,2,0.973567
0,baseline,|+⟩,1.570796,0.0,47,48,49,0.002757,All Square,0,0.970395
0,baseline,|+⟩,1.570796,0.0,47,48,49,0.002757,All Square,1,0.970395
0,baseline,|+⟩,1.570796,0.0,47,48,49,0.002757,All Square,2,0.970395
0,baseline,|+⟩,1.570796,0.0,114,115,116,0.002763,All Square,0,0.941954
0,baseline,|+⟩,1.570796,0.0,114,115,116,0.002763,All Square,1,0.941954
0,baseline,|+⟩,1.570796,0.0,114,115,116,0.002763,All Square,2,0.941954
0,baseline,|+⟩,1.570796,0.0,80,81,82,0.002764,All Square,0,0.975895
0,baseline,|+⟩,1.570796,0.0,80,81,82,0.002764,All Square,1,0.975895
0,baseline,|+⟩,1.570796,0.0,80,81,82,0.002764,All Square,2,0.975895
0,baseline,|+⟩,1.570796,0.0,30,29,36,0.002767,All Square,0,0.974461
0,baseline,|+⟩,1.570796,0.0,30,29,36,0.002767,All Square,1,0.974461
0,baseline,|+⟩,1.570796,0.0,30,29,36,0.002767,All Square,2,0.974461
0,baseline,|+⟩,1.570796,0.0,0,1,2,0.002767,All Square,0,0.93129
0,baseline,|+⟩,1.570796,0.0,0,1,2,0.002767,All Square,1,0.93129
0,baseline,|+⟩,1.570796,0.0,0,1,2,0.002767,All Square,2,0.93129
0,baseline,|+⟩,1.570796,0.0,1,2,3,0.002767,All Square,0,0.95455
0,baseline,|+⟩,1.570796,0.0,1,2,3,0.002767,All Square,1,0.95455
0,baseline,|+⟩,1.570796,0.0,1,2,3,0.002767,All Square,2,0.95455
0,baseline,|+⟩,1.570796,0.0,119,118,130,0.002782,All Square,0,0.956008
0,baseline,|+⟩,1.570796,0.0,119,118,130,0.002782,All Square,1,0.956008
0,baseline,|+⟩,1.570796,0.0,119,118,130,0.002782,All Square,2,0.956008
0,baseline,|+⟩,1.570796,0.0,118,119,120,0.002782,All Square,0,0.955446
0,baseline,|+⟩,1.570796,0.0,118,119,120,0.002782,All Square,1,0.955446
0,baseline,|+⟩,1.570796,0.0,118,119,120,0.002782,All Square,2,0.955446
0,baseline,|+⟩,1.570796,0.0,71,75,90,0.002794,All Square,0,0.970951
0,baseline,|+⟩,1.570796,0.0,71,75,90,0.002794,All Square,1,0.970951
0,baseline,|+⟩,1.570796,0.0,71,75,90,0.002794,All Square,2,0.970951
0,baseline,|+⟩,1.570796,0.0,112,124,125,0.002804,All Square,0,0.945283
0,baseline,|+⟩,1.570796,0.0,112,124,125,0.002804,All Square,1,0.945283
0,baseline,|+⟩,1.570796,0.0,112,124,125,0.002804,All Square,2,0.945283
0,baseline,|+⟩,1.570796,0.0,124,125,126,0.002804,All Square,0,0.945362
0,baseline,|+⟩,1.570796,0.0,124,125,126,0.002804,All Square,1,0.945362
0,baseline,|+⟩,1.570796,0.0,124,125,126,0.002804,All Square,2,0.945362
0,baseline,|+⟩,1.570796,0.0,86,87,88,0.002832,All Square,0,0.931178
0,baseline,|+⟩,1.570796,0.0,86,87,88,0.002832,All Square,1,0.931178
0,baseline,|+⟩,1.570796,0.0,86,87,88,0.002832,All Square,2,0.931178
0,baseline,|+⟩,1.570796,0.0,113,128,127,0.002832,All Square,0,0.951276
0,baseline,|+⟩,1.570796,0.0,113,128,127,0.002832,All Square,1,0.951276
0,baseline,|+⟩,1.570796,0.0,113,128,127,0.002832,All Square,2,0.951276
0,baseline,|+⟩,1.570796,0.0,64,63,73,0.002878,All Square,0,0.956484
0,baseline,|+⟩,1.570796,0.0,64,63,73,0.002878,All Square,1,0.956484
0,baseline,|+⟩,1.570796,0.0,64,63,73,0.002878,All Square,2,0.956484
0,baseline,|+⟩,1.570796,0.0,63,64,65,0.002878,All Square,0,0.957099
0,baseline,|+⟩,1.570796,0.0,63,64,65,0.002878,All Square,1,0.957099
0,baseline,|+⟩,1.570796,0.0,63,64,65,0.002878,All Square,2,0.957099
0,baseline,|+⟩,1.570796,0.0,6,7,8,0.002899,All Square,0,0.95926
0,baseline,|+⟩,1.570796,0.0,6,7,8,0.002899,All Square,1,0.95926
0,baseline,|+⟩,1.570796,0.0,6,7,8,0.002899,All Square,2,0.95926
0,baseline,|+⟩,1.570796,0.0,5,6,7,0.002903,All Square,0,0.971892
0,baseline,|+⟩,1.570796,0.0,5,6,7,0.002903,All Square,1,0.971892
0,baseline,|+⟩,1.570796,0.0,5,6,7,0.002903,All Square,2,0.971892
0,baseline,|+⟩,1.570796,0.0,50,56,69,0.002927,All Square,0,0.96319
0,baseline,|+⟩,1.570796,0.0,50,56,69,0.002927,All Square,1,0.96319
0,baseline,|+⟩,1.570796,0.0,50,56,69,0.002927,All Square,2,0.96319
0,baseline,|+⟩,1.570796,0.0,56,69,68,0.002927,All Square,0,0.972
0,baseline,|+⟩,1.570796,0.0,56,69,68,0.002927,All Square,1,0.972
0,baseline,|+⟩,1.570796,0.0,56,69,68,0.002927,All Square,2,0.972
0,baseline,|+⟩,1.570796,0.0,56,69,70,0.002927,All Square,0,0.970987
0,baseline,|+⟩,1.570796,0.0,56,69,70,0.002927,All Square,1,0.970987
0,baseline,|+⟩,1.570796,0.0,56,69,70,0.002927,All Square,2,0.970987
0,baseline,|+⟩,1.570796,0.0,125,126,127,0.002929,All Square,0,0.946238
0,baseline,|+⟩,1.570796,0.0,125,126,127,0.002929,All Square,1,0.946238
0,baseline,|+⟩,1.570796,0.0,125,126,127,0.002929,All Square,2,0.946238
0,baseline,|+⟩,1.570796,0.0,127,126,132,0.002929,All Square,0,0.912438
0,baseline,|+⟩,1.570796,0.0,127,126,132,0.002929,All Square,1,0.912438
0,baseline,|+⟩,1.570796,0.0,127,126,132,0.002929,All Square,2,0.912438
0,baseline,|+⟩,1.570796,0.0,126,127,128,0.002929,All Square,0,0.912932
0,baseline,|+⟩,1.570796,0.0,126,127,128,0.002929,All Square,1,0.912932
0,baseline,|+⟩,1.570796,0.0,126,127,128,0.002929,All Square,2,0.912932
0,baseline,|+⟩,1.570796,0.0,73,82,83,0.002957,All Square,0,0.959043
0,baseline,|+⟩,1.570796,0.0,73,82,83,0.002957,All Square,1,0.959043
0,baseline,|+⟩,1.570796,0.0,73,82,83,0.002957,All Square,2,0.959043
0,baseline,|+⟩,1.570796,0.0,81,82,83,0.002957,All Square,0,0.962629
0,baseline,|+⟩,1.570796,0.0,81,82,83,0.002957,All Square,1,0.962629
0,baseline,|+⟩,1.570796,0.0,81,82,83,0.002957,All Square,2,0.962629
0,baseline,|+⟩,1.570796,0.0,76,77,78,0.002963,All Square,0,0.958406
0,baseline,|+⟩,1.570796,0.0,76,77,78,0.002963,All Square,1,0.958406
0,baseline,|+⟩,1.570796,0.0,76,77,78,0.002963,All Square,2,0.958406
0,baseline,|+⟩,1.570796,0.0,59,60,61,0.002989,All Square,0,0.974033
0,baseline,|+⟩,1.570796,0.0,59,60,61,0.002989,All Square,1,0.974033
0,baseline,|+⟩,1.570796,0.0,59,60,61,0.002989,All Square,2,0.974033
0,baseline,|+⟩,1.570796,0.0,91,95,96,0.002997,All Square,0,0.970685
0,baseline,|+⟩,1.570796,0.0,91,95,96,0.002997,All Square,1,0.970685
0,baseline,|+⟩,1.570796,0.0,91,95,96,0.002997,All Square,2,0.970685
0,baseline,|+⟩,1.570796,0.0,45,46,47,0.003003,All Square,0,0.968154
0,baseline,|+⟩,1.570796,0.0,45,46,47,0.003003,All Square,1,0.968154
0,baseline,|+⟩,1.570796,0.0,45,46,47,0.003003,All Square,2,0.968154
0,baseline,|+⟩,1.570796,0.0,47,46,55,0.003003,All Square,0,0.968006
0,baseline,|+⟩,1.570796,0.0,47,46,55,0.003003,All Square,1,0.968006
0,baseline,|+⟩,1.570796,0.0,47,46,55,0.003003,All Square,2,0.968006
0,baseline,|+⟩,1.570796,0.0,46,47,48,0.003003,All Square,0,0.967046
0,baseline,|+⟩,1.570796,0.0,46,47,48,0.003003,All Square,1,0.967046
0,baseline,|+⟩,1.570796,0.0,46,47,48,0.003003,All Square,2,0.967046
0,baseline,|+⟩,1.570796,0.0,69,70,71,0.003003,All Square,0,0.963218
0,baseline,|+⟩,1.570796,0.0,69,70,71,0.003003,All Square,1,0.963218
0,baseline,|+⟩,1.570796,0.0,69,70,71,0.003003,All Square,2,0.963218
0,baseline,|+⟩,1.570796,0.0,70,71,75,0.003003,All Square,0,0.961217
0,baseline,|+⟩,1.570796,0.0,70,71,75,0.003003,All Square,1,0.961217
0,baseline,|+⟩,1.570796,0.0,70,71,75,0.003003,All Square,2,0.961217
0,baseline,|+⟩,1.570796,0.0,105,112,124,0.003011,All Square,0,0.957073
0,baseline,|+⟩,1.570796,0.0,105,112,124,0.003011,All Square,1,0.957073
0,baseline,|+⟩,1.570796,0.0,105,112,124,0.003011,All Square,2,0.957073
0,baseline,|+⟩,1.570796,0.0,25,26,27,0.003038,All Square,0,0.947681
0,baseline,|+⟩,1.570796,0.0,25,26,27,0.003038,All Square,1,0.947681
0,baseline,|+⟩,1.570796,0.0,25,26,27,0.003038,All Square,2,0.947681
0,baseline,|+⟩,1.570796,0.0,3,4,5,0.003102,All Square,0,0.968791
0,baseline,|+⟩,1.570796,0.0,3,4,5,0.003102,All Square,1,0.968791
0,baseline,|+⟩,1.570796,0.0,3,4,5,0.003102,All Square,2,0.968791
0,baseline,|+⟩,1.570796,0.0,5,4,16,0.003102,All Square,0,0.967556
0,baseline,|+⟩,1.570796,0.0,5,4,16,0.003102,All Square,1,0.967556
0,baseline,|+⟩,1.570796,0.0,5,4,16,0.003102,All Square,2,0.967556
0,baseline,|+⟩,1.570796,0.0,4,5,6,0.003102,All Square,0,0.964513
0,baseline,|+⟩,1.570796,0.0,4,5,6,0.003102,All Square,1,0.964513
0,baseline,|+⟩,1.570796,0.0,4,5,6,0.003102,All Square,2,0.964513
0,baseline,|+⟩,1.570796,0.0,28,29,30,0.00314,All Square,0,0.975356
0,baseline,|+⟩,1.570796,0.0,28,29,30,0.00314,All Square,1,0.975356
0,baseline,|+⟩,1.570796,0.0,28,29,30,0.00314,All Square,2,0.975356
0,baseline,|+⟩,1.570796,0.0,28,29,36,0.00314,All Square,0,0.976641
0,baseline,|+⟩,1.570796,0.0,28,29,36,0.00314,All Square,1,0.976641
0,baseline,|+⟩,1.570796,0.0,28,29,36,0.00314,All Square,2,0.976641
0,baseline,|+⟩,1.570796,0.0,100,101,111,0.003216,All Square,0,0.95811
0,baseline,|+⟩,1.570796,0.0,100,101,111,0.003216,All Square,1,0.95811
0,baseline,|+⟩,1.570796,0.0,100,101,111,0.003216,All Square,2,0.95811
0,baseline,|+⟩,1.570796,0.0,102,101,111,0.003216,All Square,0,0.965289
0,baseline,|+⟩,1.570796,0.0,102,101,111,0.003216,All Square,1,0.965289
0,baseline,|+⟩,1.570796,0.0,102,101,111,0.003216,All Square,2,0.965289
0,baseline,|+⟩,1.570796,0.0,33,37,52,0.003231,All Square,0,0.969082
0,baseline,|+⟩,1.570796,0.0,33,37,52,0.003231,All Square,1,0.969082
0,baseline,|+⟩,1.570796,0.0,33,37,52,0.003231,All Square,2,0.969082
0,baseline,|+⟩,1.570796,0.0,37,52,51,0.003231,All Square,0,0.972048
0,baseline,|+⟩,1.570796,0.0,37,52,51,0.003231,All Square,1,0.972048
0,baseline,|+⟩,1.570796,0.0,37,52,51,0.003231,All Square,2,0.972048
0,baseline,|+⟩,1.570796,0.0,82,83,84,0.003283,All Square,0,0.956894
0,baseline,|+⟩,1.570796,0.0,82,83,84,0.003283,All Square,1,0.956894
0,baseline,|+⟩,1.570796,0.0,82,83,84,0.003283,All Square,2,0.956894
0,baseline,|+⟩,1.570796,0.0,115,114,129,0.003342,All Square,0,0.938598
0,baseline,|+⟩,1.570796,0.0,115,114,129,0.003342,All Square,1,0.938598
0,baseline,|+⟩,1.570796,0.0,115,114,129,0.003342,All Square,2,0.938598
0,baseline,|+⟩,1.570796,0.0,77,76,91,0.003363,All Square,0,0.956795
0,baseline,|+⟩,1.570796,0.0,77,76,91,0.003363,All Square,1,0.956795
0,baseline,|+⟩,1.570796,0.0,77,76,91,0.003363,All Square,2,0.956795
0,baseline,|+⟩,1.570796,0.0,76,91,95,0.003363,All Square,0,0.958791
0,baseline,|+⟩,1.570796,0.0,76,91,95,0.003363,All Square,1,0.958791
0,baseline,|+⟩,1.570796,0.0,76,91,95,0.003363,All Square,2,0.958791
0,baseline,|+⟩,1.570796,0.0,13,12,18,0.003369,All Square,0,0.969708
0,baseline,|+⟩,1.570796,0.0,13,12,18,0.003369,All Square,1,0.969708
0,baseline,|+⟩,1.570796,0.0,13,12,18,0.003369,All Square,2,0.969708
0,baseline,|+⟩,1.570796,0.0,12,13,14,0.003369,All Square,0,0.970364
0,baseline,|+⟩,1.570796,0.0,12,13,14,0.003369,All Square,1,0.970364
0,baseline,|+⟩,1.570796,0.0,12,13,14,0.003369,All Square,2,0.970364
0,baseline,|+⟩,1.570796,0.0,87,88,94,0.003465,All Square,0,0.938776
0,baseline,|+⟩,1.570796,0.0,87,88,94,0.003465,All Square,1,0.938776
0,baseline,|+⟩,1.570796,0.0,87,88,94,0.003465,All Square,2,0.938776
0,baseline,|+⟩,1.570796,0.0,88,94,107,0.003465,All Square,0,0.937101
0,baseline,|+⟩,1.570796,0.0,88,94,107,0.003465,All Square,1,0.937101
0,baseline,|+⟩,1.570796,0.0,88,94,107,0.003465,All Square,2,0.937101
0,baseline,|+⟩,1.570796,0.0,108,109,113,0.003494,All Square,0,0.963082
0,baseline,|+⟩,1.570796,0.0,108,109,113,0.003494,All Square,1,0.963082
0,baseline,|+⟩,1.570796,0.0,108,109,113,0.003494,All Square,2,0.963082
0,baseline,|+⟩,1.570796,0.0,109,113,128,0.003494,All Square,0,0.960102
0,baseline,|+⟩,1.570796,0.0,109,113,128,0.003494,All Square,1,0.960102
0,baseline,|+⟩,1.570796,0.0,109,113,128,0.003494,All Square,2,0.960102
0,baseline,|+⟩,1.570796,0.0,101,111,120,0.003505,All Square,0,0.964963
0,baseline,|+⟩,1.570796,0.0,101,111,120,0.003505,All Square,1,0.964963
0,baseline,|+⟩,1.570796,0.0,101,111,120,0.003505,All Square,2,0.964963
0,baseline,|+⟩,1.570796,0.0,111,120,119,0.003505,All Square,0,0.973359
0,baseline,|+⟩,1.570796,0.0,111,120,119,0.003505,All Square,1,0.973359
0,baseline,|+⟩,1.570796,0.0,111,120,119,0.003505,All Square,2,0.973359
0,baseline,|+⟩,1.570796,0.0,111,120,121,0.003505,All Square,0,0.972882
0,baseline,|+⟩,1.570796,0.0,111,120,121,0.003505,All Square,1,0.972882
0,baseline,|+⟩,1.570796,0.0,111,120,121,0.003505,All Square,2,0.972882
0,baseline,|+⟩,1.570796,0.0,87,88,89,0.003589,All Square,0,0.938512
0,baseline,|+⟩,1.570796,0.0,87,88,89,0.003589,All Square,1,0.938512
0,baseline,|+⟩,1.570796,0.0,87,88,89,0.003589,All Square,2,0.938512
0,baseline,|+⟩,1.570796,0.0,89,88,94,0.003589,All Square,0,0.917267
0,baseline,|+⟩,1.570796,0.0,89,88,94,0.003589,All Square,1,0.917267
0,baseline,|+⟩,1.570796,0.0,89,88,94,0.003589,All Square,2,0.917267
0,baseline,|+⟩,1.570796,0.0,88,89,90,0.003589,All Square,0,0.919059
0,baseline,|+⟩,1.570796,0.0,88,89,90,0.003589,All Square,1,0.919059
0,baseline,|+⟩,1.570796,0.0,88,89,90,0.003589,All Square,2,0.919059
0,baseline,|+⟩,1.570796,0.0,0,15,19,0.003593,All Square,0,0.938169
0,baseline,|+⟩,1.570796,0.0,0,15,19,0.003593,All Square,1,0.938169
0,baseline,|+⟩,1.570796,0.0,0,15,19,0.003593,All Square,2,0.938169
0,baseline,|+⟩,1.570796,0.0,15,19,20,0.003593,All Square,0,0.960712
0,baseline,|+⟩,1.570796,0.0,15,19,20,0.003593,All Square,1,0.960712
0,baseline,|+⟩,1.570796,0.0,15,19,20,0.003593,All Square,2,0.960712
0,baseline,|+⟩,1.570796,0.0,22,23,24,0.003609,All Square,0,0.962156
0,baseline,|+⟩,1.570796,0.0,22,23,24,0.003609,All Square,1,0.962156
0,baseline,|+⟩,1.570796,0.0,22,23,24,0.003609,All Square,2,0.962156
0,baseline,|+⟩,1.570796,0.0,61,62,63,0.003758,All Square,0,0.974895
0,baseline,|+⟩,1.570796,0.0,61,62,63,0.003758,All Square,1,0.974895
0,baseline,|+⟩,1.570796,0.0,61,62,63,0.003758,All Square,2,0.974895
0,baseline,|+⟩,1.570796,0.0,62,63,64,0.003758,All Square,0,0.968094
0,baseline,|+⟩,1.570796,0.0,62,63,64,0.003758,All Square,1,0.968094
0,baseline,|+⟩,1.570796,0.0,62,63,64,0.003758,All Square,2,0.968094
0,baseline,|+⟩,1.570796,0.0,62,63,73,0.003758,All Square,0,0.968506
0,baseline,|+⟩,1.570796,0.0,62,63,73,0.003758,All Square,1,0.968506
0,baseline,|+⟩,1.570796,0.0,62,63,73,0.003758,All Square,2,0.968506
0,baseline,|+⟩,1.570796,0.0,30,31,32,0.003783,All Square,0,0.955635
0,baseline,|+⟩,1.570796,0.0,30,31,32,0.003783,All Square,1,0.955635
0,baseline,|+⟩,1.570796,0.0,30,31,32,0.003783,All Square,2,0.955635
0,baseline,|+⟩,1.570796,0.0,29,30,31,0.003783,All Square,0,0.971239
0,baseline,|+⟩,1.570796,0.0,29,30,31,0.003783,All Square,1,0.971239
0,baseline,|+⟩,1.570796,0.0,29,30,31,0.003783,All Square,2,0.971239
0,baseline,|+⟩,1.570796,0.0,4,16,23,0.003979,All Square,0,0.963429
0,baseline,|+⟩,1.570796,0.0,4,16,23,0.003979,All Square,1,0.963429
0,baseline,|+⟩,1.570796,0.0,4,16,23,0.003979,All Square,2,0.963429
0,baseline,|+⟩,1.570796,0.0,16,23,22,0.003979,All Square,0,0.959137
0,baseline,|+⟩,1.570796,0.0,16,23,22,0.003979,All Square,1,0.959137
0,baseline,|+⟩,1.570796,0.0,16,23,22,0.003979,All Square,2,0.959137
0,baseline,|+⟩,1.570796,0.0,16,23,24,0.003979,All Square,0,0.963731
0,baseline,|+⟩,1.570796,0.0,16,23,24,0.003979,All Square,1,0.963731
0,baseline,|+⟩,1.570796,0.0,16,23,24,0.003979,All Square,2,0.963731
0,baseline,|+⟩,1.570796,0.0,21,34,40,0.004029,All Square,0,0.949967
0,baseline,|+⟩,1.570796,0.0,21,34,40,0.004029,All Square,1,0.949967
0,baseline,|+⟩,1.570796,0.0,21,34,40,0.004029,All Square,2,0.949967
0,baseline,|+⟩,1.570796,0.0,26,27,28,0.004216,All Square,0,0.952155
0,baseline,|+⟩,1.570796,0.0,26,27,28,0.004216,All Square,1,0.952155
0,baseline,|+⟩,1.570796,0.0,26,27,28,0.004216,All Square,2,0.952155
0,baseline,|+⟩,1.570796,0.0,27,28,29,0.004216,All Square,0,0.961507
0,baseline,|+⟩,1.570796,0.0,27,28,29,0.004216,All Square,1,0.961507
0,baseline,|+⟩,1.570796,0.0,27,28,29,0.004216,All Square,2,0.961507
0,baseline,|+⟩,1.570796,0.0,22,21,34,0.004349,All Square,0,0.949461
0,baseline,|+⟩,1.570796,0.0,22,21,34,0.004349,All Square,1,0.949461
0,baseline,|+⟩,1.570796,0.0,22,21,34,0.004349,All Square,2,0.949461
0,baseline,|+⟩,1.570796,0.0,21,22,23,0.004349,All Square,0,0.949431
0,baseline,|+⟩,1.570796,0.0,21,22,23,0.004349,All Square,1,0.949431
0,baseline,|+⟩,1.570796,0.0,21,22,23,0.004349,All Square,2,0.949431
0,baseline,|+⟩,1.570796,0.0,60,59,72,0.004661,All Square,0,0.967802
0,baseline,|+⟩,1.570796,0.0,60,59,72,0.004661,All Square,1,0.967802
0,baseline,|+⟩,1.570796,0.0,60,59,72,0.004661,All Square,2,0.967802
0,baseline,|+⟩,1.570796,0.0,59,72,78,0.004661,All Square,0,0.967248
0,baseline,|+⟩,1.570796,0.0,59,72,78,0.004661,All Square,1,0.967248
0,baseline,|+⟩,1.570796,0.0,59,72,78,0.004661,All Square,2,0.967248
0,baseline,|+⟩,1.570796,0.0,81,80,92,0.004781,All Square,0,0.970198
0,baseline,|+⟩,1.570796,0.0,81,80,92,0.004781,All Square,1,0.970198
0,baseline,|+⟩,1.570796,0.0,81,80,92,0.004781,All Square,2,0.970198
0,baseline,|+⟩,1.570796,0.0,104,105,112,0.004877,All Square,0,0.945892
0,baseline,|+⟩,1.570796,0.0,104,105,112,0.004877,All Square,1,0.945892
0,baseline,|+⟩,1.570796,0.0,104,105,112,0.004877,All Square,2,0.945892
0,baseline,|+⟩,1.570796,0.0,83,84,93,0.004921,All Square,0,0.951894
0,baseline,|+⟩,1.570796,0.0,83,84,93,0.004921,All Square,1,0.951894
0,baseline,|+⟩,1.570796,0.0,83,84,93,0.004921,All Square,2,0.951894
0,baseline,|+⟩,1.570796,0.0,84,93,103,0.004921,All Square,0,0.957527
0,baseline,|+⟩,1.570796,0.0,84,93,103,0.004921,All Square,1,0.957527
0,baseline,|+⟩,1.570796,0.0,84,93,103,0.004921,All Square,2,0.957527
0,baseline,|+⟩,1.570796,0.0,10,11,12,0.005215,All Square,0,0.9687
0,baseline,|+⟩,1.570796,0.0,10,11,12,0.005215,All Square,1,0.9687
0,baseline,|+⟩,1.570796,0.0,10,11,12,0.005215,All Square,2,0.9687
0,baseline,|+⟩,1.570796,0.0,11,12,13,0.005215,All Square,0,0.971274
0,baseline,|+⟩,1.570796,0.0,11,12,13,0.005215,All Square,1,0.971274
0,baseline,|+⟩,1.570796,0.0,11,12,13,0.005215,All Square,2,0.971274
0,baseline,|+⟩,1.570796,0.0,11,12,18,0.005215,All Square,0,0.972314
0,baseline,|+⟩,1.570796,0.0,11,12,18,0.005215,All Square,1,0.972314
0,baseline,|+⟩,1.570796,0.0,11,12,18,0.005215,All Square,2,0.972314
0,baseline,|+⟩,1.570796,0.0,80,92,99,0.005266,All Square,0,0.966411
0,baseline,|+⟩,1.570796,0.0,80,92,99,0.005266,All Square,1,0.966411
0,baseline,|+⟩,1.570796,0.0,80,92,99,0.005266,All Square,2,0.966411
0,baseline,|+⟩,1.570796,0.0,92,99,98,0.005266,All Square,0,0.968302
0,baseline,|+⟩,1.570796,0.0,92,99,98,0.005266,All Square,1,0.968302
0,baseline,|+⟩,1.570796,0.0,92,99,98,0.005266,All Square,2,0.968302
0,baseline,|+⟩,1.570796,0.0,92,99,100,0.005266,All Square,0,0.967506
0,baseline,|+⟩,1.570796,0.0,92,99,100,0.005266,All Square,1,0.967506
0,baseline,|+⟩,1.570796,0.0,92,99,100,0.005266,All Square,2,0.967506
0,baseline,|+⟩,1.570796,0.0,43,44,45,0.005283,All Square,0,0.966204
0,baseline,|+⟩,1.570796,0.0,43,44,45,0.005283,All Square,1,0.966204
0,baseline,|+⟩,1.570796,0.0,43,44,45,0.005283,All Square,2,0.966204
0,baseline,|+⟩,1.570796,0.0,44,45,46,0.005283,All Square,0,0.971166
0,baseline,|+⟩,1.570796,0.0,44,45,46,0.005283,All Square,1,0.971166
0,baseline,|+⟩,1.570796,0.0,44,45,46,0.005283,All Square,2,0.971166
0,baseline,|+⟩,1.570796,0.0,57,58,59,0.005519,All Square,0,0.966173
0,baseline,|+⟩,1.570796,0.0,57,58,59,0.005519,All Square,1,0.966173
0,baseline,|+⟩,1.570796,0.0,57,58,59,0.005519,All Square,2,0.966173
0,baseline,|+⟩,1.570796,0.0,58,59,60,0.005519,All Square,0,0.964968
0,baseline,|+⟩,1.570796,0.0,58,59,60,0.005519,All Square,1,0.964968
0,baseline,|+⟩,1.570796,0.0,58,59,60,0.005519,All Square,2,0.964968
0,baseline,|+⟩,1.570796,0.0,58,59,72,0.005519,All Square,0,0.961654
0,baseline,|+⟩,1.570796,0.0,58,59,72,0.005519,All Square,1,0.961654
0,baseline,|+⟩,1.570796,0.0,58,59,72,0.005519,All Square,2,0.961654
0,baseline,|+⟩,1.570796,0.0,94,107,106,0.00575,All Square,0,0.966507
0,baseline,|+⟩,1.570796,0.0,94,107,106,0.00575,All Square,1,0.966507
0,baseline,|+⟩,1.570796,0.0,94,107,106,0.00575,All Square,2,0.966507
0,baseline,|+⟩,1.570796,0.0,8,17,27,0.005827,All Square,0,0.960845
0,baseline,|+⟩,1.570796,0.0,8,17,27,0.005827,All Square,1,0.960845
0,baseline,|+⟩,1.570796,0.0,8,17,27,0.005827,All Square,2,0.960845
0,baseline,|+⟩,1.570796,0.0,17,27,26,0.005827,All Square,0,0.96003
0,baseline,|+⟩,1.570796,0.0,17,27,26,0.005827,All Square,1,0.96003
0,baseline,|+⟩,1.570796,0.0,17,27,26,0.005827,All Square,2,0.96003
0,baseline,|+⟩,1.570796,0.0,17,27,28,0.005827,All Square,0,0.95752
0,baseline,|+⟩,1.570796,0.0,17,27,28,0.005827,All Square,1,0.95752
0,baseline,|+⟩,1.570796,0.0,17,27,28,0.005827,All Square,2,0.95752
0,baseline,|+⟩,1.570796,0.0,93,103,104,0.005919,All Square,0,0.957406
0,baseline,|+⟩,1.570796,0.0,93,103,104,0.005919,All Square,1,0.957406
0,baseline,|+⟩,1.570796,0.0,93,103,104,0.005919,All Square,2,0.957406
0,baseline,|+⟩,1.570796,0.0,102,103,104,0.005919,All Square,0,0.957317
0,baseline,|+⟩,1.570796,0.0,102,103,104,0.005919,All Square,1,0.957317
0,baseline,|+⟩,1.570796,0.0,102,103,104,0.005919,All Square,2,0.957317
0,baseline,|+⟩,1.570796,0.0,103,104,105,0.005919,All Square,0,0.949354
0,baseline,|+⟩,1.570796,0.0,103,104,105,0.005919,All Square,1,0.949354
0,baseline,|+⟩,1.570796,0.0,103,104,105,0.005919,All Square,2,0.949354
0,baseline,|+⟩,1.570796,0.0,104,105,106,0.005962,All Square,0,0.939093
0,baseline,|+⟩,1.570796,0.0,104,105,106,0.005962,All Square,1,0.939093
0,baseline,|+⟩,1.570796,0.0,104,105,106,0.005962,All Square,2,0.939093
0,baseline,|+⟩,1.570796,0.0,106,105,112,0.005962,All Square,0,0.920272
0,baseline,|+⟩,1.570796,0.0,106,105,112,0.005962,All Square,1,0.920272
0,baseline,|+⟩,1.570796,0.0,106,105,112,0.005962,All Square,2,0.920272
0,baseline,|+⟩,1.570796,0.0,105,106,107,0.005962,All Square,0,0.915691
0,baseline,|+⟩,1.570796,0.0,105,106,107,0.005962,All Square,1,0.915691
0,baseline,|+⟩,1.570796,0.0,105,106,107,0.005962,All Square,2,0.915691
0,baseline,|+⟩,1.570796,0.0,54,61,60,0.006185,All Square,0,0.975329
0,baseline,|+⟩,1.570796,0.0,54,61,60,0.006185,All Square,1,0.975329
0,baseline,|+⟩,1.570796,0.0,54,61,60,0.006185,All Square,2,0.975329
0,baseline,|+⟩,1.570796,0.0,54,61,62,0.006185,All Square,0,0.973011
0,baseline,|+⟩,1.570796,0.0,54,61,62,0.006185,All Square,1,0.973011
0,baseline,|+⟩,1.570796,0.0,54,61,62,0.006185,All Square,2,0.973011
0,baseline,|+⟩,1.570796,0.0,121,122,123,0.008115,All Square,0,0.945379
0,baseline,|+⟩,1.570796,0.0,121,122,123,0.008115,All Square,1,0.945379
0,baseline,|+⟩,1.570796,0.0,121,122,123,0.008115,All Square,2,0.945379
0,baseline,|+⟩,1.570796,0.0,123,122,131,0.008115,All Square,0,0.949184
0,baseline,|+⟩,1.570796,0.0,123,122,131,0.008115,All Square,1,0.949184
0,baseline,|+⟩,1.570796,0.0,123,122,131,0.008115,All Square,2,0.949184
0,baseline,|+⟩,1.570796,0.0,79,80,81,0.009885,All Square,0,0.956546
0,baseline,|+⟩,1.570796,0.0,79,80,81,0.009885,All Square,1,0.956546
0,baseline,|+⟩,1.570796,0.0,79,80,81,0.009885,All Square,2,0.956546
0,baseline,|+⟩,1.570796,0.0,79,80,92,0.009885,All Square,0,0.952171
0,baseline,|+⟩,1.570796,0.0,79,80,92,0.009885,All Square,1,0.952171
0,baseline,|+⟩,1.570796,0.0,79,80,92,0.009885,All Square,2,0.952171
0,baseline,|+⟩,1.570796,0.0,95,96,97,0.010002,All Square,0,0.958898
0,baseline,|+⟩,1.570796,0.0,95,96,97,0.010002,All Square,1,0.958898
0,baseline,|+⟩,1.570796,0.0,95,96,97,0.010002,All Square,2,0.958898
0,baseline,|+⟩,1.570796,0.0,96,97,98,0.010002,All Square,0,0.941685
0,baseline,|+⟩,1.570796,0.0,96,97,98,0.010002,All Square,1,0.941685
0,baseline,|+⟩,1.570796,0.0,96,97,98,0.010002,All Square,2,0.941685
0,baseline,|+⟩,1.570796,0.0,96,97,110,0.010002,All Square,0,0.940025
0,baseline,|+⟩,1.570796,0.0,96,97,110,0.010002,All Square,1,0.940025
0,baseline,|+⟩,1.570796,0.0,96,97,110,0.010002,All Square,2,0.940025
0,baseline,|+⟩,1.570796,0.0,94,107,108,0.010831,All Square,0,0.957565
0,baseline,|+⟩,1.570796,0.0,94,107,108,0.010831,All Square,1,0.957565
0,baseline,|+⟩,1.570796,0.0,94,107,108,0.010831,All Square,2,0.957565
0,baseline,|+⟩,1.570796,0.0,106,107,108,0.010831,All Square,0,0.926281
0,baseline,|+⟩,1.570796,0.0,106,107,108,0.010831,All Square,1,0.926281
0,baseline,|+⟩,1.570796,0.0,106,107,108,0.010831,All Square,2,0.926281
0,baseline,|+⟩,1.570796,0.0,107,108,109,0.010831,All Square,0,0.966451
0,baseline,|+⟩,1.570796,0.0,107,108,109,0.010831,All Square,1,0.966451
0,baseline,|+⟩,1.570796,0.0,107,108,109,0.010831,All Square,2,0.966451
0,baseline,|+⟩,1.570796,0.0,72,78,79,0.012283,All Square,0,0.947953
0,baseline,|+⟩,1.570796,0.0,72,78,79,0.012283,All Square,1,0.947953
0,baseline,|+⟩,1.570796,0.0,72,78,79,0.012283,All Square,2,0.947953
0,baseline,|+⟩,1.570796,0.0,77,78,79,0.012283,All Square,0,0.94626
0,baseline,|+⟩,1.570796,0.0,77,78,79,0.012283,All Square,1,0.94626
0,baseline,|+⟩,1.570796,0.0,77,78,79,0.012283,All Square,2,0.94626
0,baseline,|+⟩,1.570796,0.0,78,79,80,0.012283,All Square,0,0.93518
0,baseline,|+⟩,1.570796,0.0,78,79,80,0.012283,All Square,1,0.93518
0,baseline,|+⟩,1.570796,0.0,78,79,80,0.012283,All Square,2,0.93518
0,baseline,|+⟩,1.570796,0.0,12,18,31,0.013761,All Square,0,0.954135
0,baseline,|+⟩,1.570796,0.0,12,18,31,0.013761,All Square,1,0.954135
0,baseline,|+⟩,1.570796,0.0,12,18,31,0.013761,All Square,2,0.954135
0,baseline,|+⟩,1.570796,0.0,18,31,30,0.013761,All Square,0,0.945265
0,baseline,|+⟩,1.570796,0.0,18,31,30,0.013761,All Square,1,0.945265
0,baseline,|+⟩,1.570796,0.0,18,31,30,0.013761,All Square,2,0.945265
0,baseline,|+⟩,1.570796,0.0,18,31,32,0.013761,All Square,0,0.948251
0,baseline,|+⟩,1.570796,0.0,18,31,32,0.013761,All Square,1,0.948251
0,baseline,|+⟩,1.570796,0.0,18,31,32,0.013761,All Square,2,0.948251
0,baseline,|+⟩,1.570796,0.0,112,124,123,0.019554,All Square,0,0.914527
0,baseline,|+⟩,1.570796,0.0,112,124,123,0.019554,All Square,1,0.914527
0,baseline,|+⟩,1.570796,0.0,112,124,123,0.019554,All Square,2,0.914527
0,baseline,|+⟩,1.570796,0.0,123,124,125,0.019554,All Square,0,0.920284
0,baseline,|+⟩,1.570796,0.0,123,124,125,0.019554,All Square,1,0.920284
0,baseline,|+⟩,1.570796,0.0,123,124,125,0.019554,All Square,2,0.920284
0,baseline,|+⟩,1.570796,0.0,122,123,124,0.019554,All Square,0,0.919747
0,baseline,|+⟩,1.570796,0.0,122,123,124,0.019554,All Square,1,0.919747
0,baseline,|+⟩,1.570796,0.0,122,123,124,0.019554,All Square,2,0.919747
0,baseline,|+⟩,1.570796,0.0,117,118,119,0.022161,All Square,0,0.938123
0,baseline,|+⟩,1.570796,0.0,117,118,119,0.022161,All Square,1,0.938123
0,baseline,|+⟩,1.570796,0.0,117,118,119,0.022161,All Square,2,0.938123
0,baseline,|+⟩,1.570796,0.0,117,118,130,0.022161,All Square,0,0.940247
0,baseline,|+⟩,1.570796,0.0,117,118,130,0.022161,All Square,1,0.940247
0,baseline,|+⟩,1.570796,0.0,117,118,130,0.022161,All Square,2,0.940247
0,baseline,|+⟩,1.570796,0.0,110,116,117,0.045405,All Square,0,0.890543
0,baseline,|+⟩,1.570796,0.0,110,116,117,0.045405,All Square,1,0.890543
0,baseline,|+⟩,1.570796,0.0,110,116,117,0.045405,All Square,2,0.890543
0,baseline,|+⟩,1.570796,0.0,115,116,117,0.045405,All Square,0,0.867315
0,baseline,|+⟩,1.570796,0.0,115,116,117,0.045405,All Square,1,0.867315
0,baseline,|+⟩,1.570796,0.0,115,116,117,0.045405,All Square,2,0.867315
0,baseline,|+⟩,1.570796,0.0,116,117,118,0.045405,All Square,0,0.890796
0,baseline,|+⟩,1.570796,0.0,116,117,118,0.045405,All Square,1,0.890796
0,baseline,|+⟩,1.570796,0.0,116,117,118,0.045405,All Square,2,0.890796
1,+L2,|+⟩,1.570796,0.0,66,67,74,0.0,All Square,0,0.976192
1,+L2,|+⟩,1.570796,0.0,66,67,74,0.0,All Square,1,0.976192
1,+L2,|+⟩,1.570796,0.0,66,67,74,0.0,All Square,2,0.976192
1,+L2,|+⟩,1.570796,0.0,66,67,74,0.0,All GaussianSq,0,0.981261
1,+L2,|+⟩,1.570796,0.0,66,67,74,0.0,All GaussianSq,1,0.981261
1,+L2,|+⟩,1.570796,0.0,66,67,74,0.0,All GaussianSq,2,0.981261
1,+L2,|+⟩,1.570796,0.0,66,67,74,0.0,All DRAG,0,0.975111
1,+L2,|+⟩,1.570796,0.0,66,67,74,0.0,All DRAG,1,0.975111
1,+L2,|+⟩,1.570796,0.0,66,67,74,0.0,All DRAG,2,0.975111
1,+L2,|+⟩,1.570796,0.0,66,67,74,0.0,Per-gate opt,0,0.984857
1,+L2,|+⟩,1.570796,0.0,66,67,74,0.0,Per-gate opt,1,0.984857
1,+L2,|+⟩,1.570796,0.0,66,67,74,0.0,Per-gate opt,2,0.984857
2,+L2+L3,|+⟩,1.570796,0.0,66,67,74,0.0,Per-gate opt,0,0.984857
2,+L2+L3,|+⟩,1.570796,0.0,66,67,74,0.0,Per-gate opt,1,0.984857
2,+L2+L3,|+⟩,1.570796,0.0,66,67,74,0.0,Per-gate opt,2,0.984857
